dist_name,spec,n_events,prop_excitation_mean,alpha_mean,alpha_p_pos,a_0_mean,w_mean_pop_density,w_mean_med_inc_avg,w_mean_lep_density,w_mean_edu_hs_avg,w_mean_ndvi_mean_4yr,w_mean_RLD,w_mean_RMD,w_mean_RHD,w_mean_use_com,w_mean_use_civ,w_mean_I,w_mean_T,w_mean_GW,w_mean_vac_area,w_mean_landcare_area,w_mean_alloc_avg_d_cnt,w_mean_alloc_avg_s_cnt,w_mean_unique_device_ratio_aw,w_mean_betweenness_avg_w,w_mean_pagerank_avg_w,beta_mean,gamma_mean,loglik_mean,sigmax_2_mean,a_0_lo,a_0_hi,status,error,runtime_sec,offset_coef_mean,offset_coef_lo,offset_coef_hi,corrected_level_mean
River Wards,baseline,10767,0.8026947379112244,0.9992818832397461,1.0,0.00987773947417736,0.10512302815914154,0.011245420202612877,-0.0781748965382576,-0.011075585149228573,0.011704952456057072,0.08615908771753311,0.02071104384958744,0.37415745854377747,-0.025434156879782677,-1.8810425996780396,-0.18285642564296722,0.18434752523899078,0.1790359914302826,-0.39023610949516296,-0.4033985733985901,0.2914523184299469,-0.00025556000764481723,0.08238222450017929,-0.17475871741771698,-0.030777597799897194,39.293392181396484,11.929740905761719,54359.515625,6.988003588048741e-05,-0.451761394739151,0.4839407801628113,fit,,66.9,,,,-4.6459823
River Wards,offset_fixed,10767,0.8026033639907837,0.9992817640304565,1.0,-0.021761329844594002,-0.054280608892440796,0.09476719051599503,0.014035799540579319,-0.08322016894817352,-0.110476553440094,0.19897834956645966,-0.07946769148111343,0.6481797099113464,-0.13657888770103455,-1.3739697933197021,-0.0078440485522151,-0.7616450786590576,0.22466783225536346,-0.34618034958839417,-0.17099180817604065,1.5710784196853638,-0.030991652980446815,-0.13400118052959442,-0.0858069360256195,0.017048640176653862,39.29318618774414,11.929055213928223,54370.74609375,6.987363303778693e-05,-0.5252930521965027,0.49532178044319153,fit,,55.3,,,,-4.6459823
River Wards,offset_free,10767,0.8048072457313538,0.9993081092834473,1.0,0.029500598087906837,0.004154370632022619,0.06433555483818054,-0.021325193345546722,-0.0519929900765419,-0.0685528889298439,0.16413311660289764,-0.04795202612876892,0.5601192116737366,-0.09977065026760101,-1.5750004053115845,-0.06237375736236572,-0.38780903816223145,0.2030739188194275,-0.3645108640193939,-0.2794080674648285,1.1355068683624268,-0.03803024813532829,-0.05890339985489845,-0.11599885672330856,0.006956710480153561,39.23249053955078,11.951986312866211,54374.5625,7.03511104802601e-05,-0.4829292893409729,0.5708791613578796,fit,,54.9,0.6405763030052185,0.4665447175502777,0.8022635579109192,-4.6459823
North Delaware,baseline,4163,0.6991294026374817,0.9940445423126221,1.0,-0.40596455335617065,0.049504559487104416,-0.16070672869682312,0.010940671898424625,0.045466337352991104,-0.060662344098091125,0.08033234626054764,0.006603826768696308,-0.2890545129776001,0.026075681671500206,-0.24223938584327698,0.005949931684881449,0.3421538770198822,-0.017626194283366203,0.43290528655052185,0.8429262638092041,-0.6393454074859619,0.1561739295721054,0.15747185051441193,0.056234024465084076,0.18133865296840668,20.919429779052734,6.296965599060059,16004.5849609375,6.197422044351697e-05,-0.9240650534629822,0.12607936561107635,fit,,24.3,,,,-5.8448715
North Delaware,offset_fixed,4163,0.699393630027771,0.9940367341041565,1.0,-0.373695433139801,-0.10016286373138428,-0.2746078372001648,-0.04997587576508522,0.031510960310697556,-0.33818355202674866,-0.2594210207462311,-0.16559408605098724,-0.27846646308898926,-0.08815653622150421,-0.25304943323135376,-0.2104685753583908,0.43197333812713623,-0.03982250764966011,0.3235839307308197,0.9718495011329651,0.47071537375450134,0.22458897531032562,-0.003310062224045396,0.1707894206047058,0.01768719218671322,20.916379928588867,6.295269966125488,15990.7578125,6.195355672389269e-05,-0.9107526540756226,0.17781545221805573,fit,,22.4,,,,-5.8448715
North Delaware,offset_free,4163,0.6974403262138367,0.9942496418952942,1.0,-0.3903193175792694,-0.009849874302744865,-0.21011346578598022,-0.014977785758674145,0.05388530716300011,-0.16670900583267212,-0.042134132236242294,-0.06460485607385635,-0.26376718282699585,-0.0376352034509182,-0.22645507752895355,-0.05815259367227554,0.35239994525909424,-0.018294353038072586,0.376840740442276,0.868043065071106,-0.13970211148262024,0.11845714598894119,0.0906730443239212,0.10530869662761688,0.11265309154987335,20.901512145996094,6.2946553230285645,16018.7490234375,6.213020969880745e-05,-0.9187987446784973,0.1680154949426651,fit,,21.7,0.4265443682670593,0.29343733191490173,0.5600529909133911,-5.8448715
Lower Far Northeast,baseline,719,0.4492343068122864,0.5803317427635193,1.0,-0.22189180552959442,0.580466628074646,-0.14113564789295197,-0.3467991352081299,0.34421777725219727,0.1280583292245865,-0.054677195847034454,-0.07884950190782547,-0.07317548990249634,0.02625894546508789,-0.0801612064242363,0.02549510821700096,-0.16555513441562653,-0.2257213592529297,0.3353712558746338,0.24279369413852692,0.06843559443950653,-0.1626853197813034,0.06092550605535507,-0.05258994176983833,-0.20208995044231415,5.76545524597168,1.3566867113113403,561.6941528320312,3.8845621020300314e-05,-0.8492541909217834,0.4223546087741852,fit,,12.2,,,,-7.409498
Lower Far Northeast,offset_fixed,719,0.4497174322605133,0.5798847675323486,1.0,-0.3104249835014343,0.23310257494449615,-0.20524124801158905,-0.012385879643261433,0.3901125490665436,0.007261363323777914,-0.14670482277870178,-0.09180689603090286,-3.5749376365856733e-06,-0.043065041303634644,-0.014234648086130619,0.045287635177373886,-0.22114071249961853,-0.1999789923429489,0.4226095974445343,0.3060360550880432,0.5179363489151001,-0.11620009690523148,-0.1933731734752655,-0.06490775942802429,-0.2985312342643738,5.754934310913086,1.3522722721099854,557.1891479492188,3.868793646688573e-05,-0.9644816517829895,0.36123403906822205,fit,,8.8,,,,-7.409498
Lower Far Northeast,offset_free,719,0.44793981313705444,0.5757796764373779,1.0,-0.2667098641395569,0.4852152466773987,-0.18589970469474792,-0.2451227754354477,0.35957932472229004,0.10196735709905624,-0.09516901522874832,-0.08579996228218079,-0.058163441717624664,0.0029920039232820272,-0.061051174998283386,0.04066750407218933,-0.16506272554397583,-0.21594727039337158,0.32241958379745483,0.24598756432533264,0.4311940670013428,-0.32333627343177795,-0.07848923653364182,-0.06549791246652603,-0.23557554185390472,5.748258113861084,1.3516103029251099,562.4246215820312,3.874718822771683e-05,-0.9090590476989746,0.4119274616241455,fit,,9.2,0.35200703144073486,0.018959112465381622,0.674845814704895,-7.409498
Central,baseline,13596,7.575609197374433e-05,0.20122942328453064,1.0,-1.278786540031433,0.1347568780183792,-0.10366849601268768,0.14385782182216644,0.23866631090641022,-0.039442211389541626,-0.8053717017173767,-0.17774924635887146,-0.028620364144444466,-0.35236820578575134,-3.514556407928467,-0.4194077253341675,0.9584636688232422,-0.6826251149177551,0.526968777179718,-2.7739439010620117,1.0423423051834106,-1.1996095180511475,-0.1739141196012497,-0.13476353883743286,-0.06312492489814758,0.0005805205437354743,1.2693520784378052,30685.056640625,0.21218906342983246,-1.5412472486495972,-1.009262204170227,fit,,108.1,,,,-5.544377
Central,offset_fixed,13596,7.445991650456563e-05,0.1985272467136383,1.0,-1.6746647357940674,0.18342897295951843,-0.054861992597579956,0.04650634154677391,0.10694516450166702,-0.16453686356544495,-1.1015698909759521,-0.4974808096885681,0.06057218834757805,-0.26018184423446655,-1.763105869293213,-0.5616825819015503,0.36047568917274475,-0.23450973629951477,0.6355034112930298,-2.984957218170166,1.7206590175628662,-1.3739120960235596,-0.45286211371421814,-0.11492189019918442,-0.04035206511616707,0.0005975199746899307,1.2789928913116455,30576.126953125,0.2134123593568802,-1.9355970621109009,-1.4067102670669556,fit,,114.3,,,,-5.544377
Central,offset_free,13596,7.327036291826516e-05,0.2004377245903015,1.0,-1.4333603382110596,0.15300510823726654,-0.08024465292692184,0.08069275319576263,0.1636669933795929,-0.08725098520517349,-1.0107976198196411,-0.31293541193008423,0.013655105605721474,-0.2927994430065155,-2.641829490661621,-0.5142759680747986,0.6243061423301697,-0.4518042206764221,0.5793733596801758,-2.8779618740081787,1.3185640573501587,-1.2661266326904297,-0.2970081567764282,-0.11647840589284897,-0.04839065298438072,0.0005286913365125656,1.2021127939224243,30972.943359375,0.20835326611995697,-1.6820926666259766,-1.1705766916275024,fit,,111.7,0.4477594792842865,0.4133957326412201,0.4799443185329437,-5.544377
University Southwest,baseline,5469,0.00018728985742200166,0.20058096945285797,1.0,-1.4984370470046997,-0.15368564426898956,-0.10216841846704483,0.4254407584667206,0.20431073009967804,0.29859644174575806,-0.9754058718681335,0.03559152036905289,-0.2892507016658783,-0.808456540107727,-1.216693639755249,-1.7211599349975586,0.3332621157169342,1.3559205532073975,0.034355610609054565,-0.21753540635108948,0.6149815917015076,-0.7468375563621521,0.11745576560497284,0.21438555419445038,0.08824464678764343,0.0014114086516201496,1.2723628282546997,8423.146484375,0.2129402458667755,-1.929567813873291,-1.0557035207748413,fit,,20.8,,,,-5.715662
University Southwest,offset_fixed,5469,0.0001887739053927362,0.20373794436454773,1.0,-1.8839983940124512,-0.36207082867622375,-0.24590273201465607,0.5453256964683533,0.4063728153705597,0.7295625805854797,-1.4874587059020996,-0.38869592547416687,0.012106110341846943,-0.3493818938732147,-2.6648969650268555,-1.0855505466461182,0.5947067141532898,2.3314802646636963,0.18150527775287628,-0.30251818895339966,1.4298923015594482,-0.920464038848877,-0.27609455585479736,0.23030290007591248,0.1777108907699585,0.0013502538204193115,1.264886736869812,7968.720703125,0.21168337762355804,-2.3246307373046875,-1.4315075874328613,fit,,18.6,,,,-5.715662
University Southwest,offset_free,5469,0.00018143751367460936,0.20272478461265564,1.0,-1.5188841819763184,-0.16047076880931854,-0.10614242404699326,0.43325275182724,0.21847771108150482,0.33224213123321533,-1.0353033542633057,0.002542782574892044,-0.2708384394645691,-0.770927906036377,-1.3119665384292603,-1.6243282556533813,0.34829607605934143,1.4160643815994263,0.043783798813819885,-0.22342824935913086,0.6771278977394104,-0.7317555546760559,0.0920938029885292,0.21795611083507538,0.09775832295417786,0.001235920935869217,1.197616696357727,8424.9521484375,0.20781759917736053,-1.9291743040084839,-1.0854153633117676,fit,,18.3,0.07360070943832397,0.026856226846575737,0.12098921090364456,-5.715662
Upper Northwest,baseline,5127,0.7236363291740417,0.9966451525688171,1.0,-0.20428508520126343,0.03244983032345772,-0.14720956981182098,-1.0306611061096191,0.1420416235923767,-0.06596451997756958,0.2237669676542282,0.17146573960781097,-0.3240736424922943,-0.2927301526069641,-0.08956347405910492,-0.18343611061573029,-1.949280858039856,0.6269533634185791,0.06513305008411407,0.03793112561106682,1.3763800859451294,-0.8926008939743042,-0.10221254080533981,-0.08448047190904617,-0.14084160327911377,24.967666625976562,7.9241485595703125,19347.388671875,7.449127588188276e-05,-0.7057714462280273,0.3106975555419922,fit,,21.2,,,,-5.982321
Upper Northwest,offset_fixed,5127,0.7242507338523865,0.9966543316841125,1.0,-0.04077066481113434,-0.35100847482681274,-0.07824839651584625,0.16830971837043762,0.09515520930290222,-0.09496160596609116,0.037535130977630615,0.05357366427779198,-0.20792067050933838,-0.39902740716934204,-0.11297253519296646,-0.4937188923358917,-1.6793891191482544,0.12744013965129852,0.09471819549798965,-0.05347207188606262,0.9522199034690857,1.6981298923492432,-0.2524280250072479,-0.062382519245147705,-0.1468331515789032,24.984975814819336,7.934664249420166,19294.85546875,7.459160406142473e-05,-0.5430576801300049,0.475034236907959,fit,,17.0,,,,-5.982321
Upper Northwest,offset_free,5127,0.7215486764907837,0.9967673420906067,1.0,-0.13346944749355316,-0.10104706138372421,-0.13128623366355896,-0.618878185749054,0.12855806946754456,-0.0933571308851242,0.15611065924167633,0.11690991371870041,-0.27060630917549133,-0.34372755885124207,-0.0976431667804718,-0.29587313532829285,-1.8346437215805054,0.42859208583831787,0.08460243791341782,0.009914275258779526,1.16559898853302,0.06111342832446098,-0.1481911987066269,-0.07475034892559052,-0.13656482100486755,24.982542037963867,7.9473490715026855,19368.412109375,7.481006468879059e-05,-0.6211432218551636,0.38175439834594727,fit,,17.8,0.3660414218902588,0.2798677980899811,0.45053550601005554,-5.982321
Upper North,baseline,9600,0.00010628430754877627,0.1988425850868225,1.0,0.1106075644493103,0.07015778869390488,0.17367440462112427,-0.05621543526649475,-0.183759406208992,0.638160765171051,-1.3680075407028198,-0.05769994854927063,-0.3760360777378082,0.02366608940064907,-3.0374042987823486,0.18014875054359436,1.3691396713256836,-1.182388424873352,-0.04562361538410187,-0.1597406268119812,-2.8639070987701416,2.6427457332611084,0.27323946356773376,0.11979560554027557,0.020150093361735344,0.0008495866204611957,1.279269814491272,20394.296875,0.2115531712770462,-0.24455630779266357,0.47532981634140015,fit,,49.8,,,,-5.01319
Upper North,offset_fixed,9600,0.00010624739661579952,0.19928249716758728,1.0,-0.0462358258664608,0.01333148218691349,0.2461858093738556,0.023924680426716805,-0.16493254899978638,0.686855673789978,-1.939010500907898,-0.28418681025505066,-0.2842056453227997,0.06310709565877914,-3.614922285079956,0.004149481654167175,1.8624448776245117,-1.3388859033584595,-0.02887645736336708,-0.20219649374485016,-1.9648804664611816,2.8715996742248535,0.20896874368190765,0.18205147981643677,0.036332037299871445,0.0008430812158621848,1.2785025835037231,20121.876953125,0.21141405403614044,-0.4031500816345215,0.3202839195728302,fit,,30.2,,,,-5.01319
Upper North,offset_free,9600,0.0001029621489578858,0.20023104548454285,1.0,0.12650565803050995,0.09727948904037476,0.1480647772550583,-0.08006666600704193,-0.18531927466392517,0.6285566091537476,-1.2190648317337036,0.006684028077870607,-0.39659687876701355,0.011955234222114086,-2.895669460296631,0.24884669482707977,1.2792809009552002,-1.1426787376403809,-0.05487363040447235,-0.14549323916435242,-3.1475605964660645,2.587341785430908,0.30239471793174744,0.11001517623662949,0.019285226240754128,0.0007554761250503361,1.205283284187317,20408.1484375,0.20681968331336975,-0.20600157976150513,0.47779715061187744,fit,,36.0,-0.2972305417060852,-0.3988136649131775,-0.20131470263004303,-5.01319
South,baseline,13742,0.7781316041946411,0.999346911907196,1.0,-0.9422670602798462,0.07750065624713898,-0.19955593347549438,-0.025860682129859924,-0.048669952899217606,-0.04237077012658119,0.13528014719486237,0.12205243855714798,-0.019788313657045364,0.0526188500225544,-0.3502543270587921,-0.3289031386375427,0.05629495903849602,-0.4249774217605591,1.0070880651474,0.21096286177635193,0.33164095878601074,-0.5964963436126709,-0.005721824709326029,0.005053299479186535,-0.026707781478762627,43.19965744018555,13.342589378356934,65635.6796875,7.35216453904286e-05,-1.4587703943252563,-0.41186338663101196,fit,,108.2,,,,-5.302851
South,offset_fixed,13742,7.392488623736426e-05,0.19754330813884735,1.0,-1.1364468336105347,-0.10759057104587555,-0.2370472401380539,-0.04047943279147148,-0.22052355110645294,0.08028232306241989,0.3887908160686493,-0.22927626967430115,-0.18855971097946167,0.11090284585952759,-2.1794168949127197,-0.30424726009368896,-0.22262361645698547,-0.2628895044326782,1.3085261583328247,0.24499106407165527,1.1484589576721191,-0.5651921033859253,-0.2617805302143097,0.05768236145377159,0.06353001296520233,0.0005662016337737441,1.279757022857666,32626.859375,0.2156950682401657,-1.4212007522583008,-0.8440293073654175,fit,,92.5,,,,-5.302851
South,offset_free,13742,7.05793863744475e-05,0.19922888278961182,1.0,-0.8111679553985596,0.05032092332839966,-0.17076580226421356,-0.04818044602870941,-0.21581830084323883,0.03475012630224228,1.1801363229751587,0.13797098398208618,-0.11433515697717667,0.2405131459236145,-1.3954970836639404,-0.23850202560424805,-0.22592060267925262,-0.5222562551498413,1.0755550861358643,0.15838731825351715,0.344972163438797,-0.7897648811340332,-0.06587383151054382,0.07070118188858032,0.05225140228867531,0.0004972381866537035,1.205423355102539,32951.92578125,0.21099239587783813,-1.070285677909851,-0.5374119877815247,fit,,54.8,0.05171621963381767,0.0004744849866256118,0.10261788219213486,-5.302851
North,baseline,15737,0.7787900567054749,0.9994121193885803,1.0,-0.5326357483863831,0.029972022399306297,0.041060544550418854,-0.037877053022384644,-0.0767005980014801,0.03430764004588127,-1.9385380744934082,-0.19603975117206573,0.041361771523952484,-0.4828529357910156,-1.3758851289749146,-1.0214577913284302,1.0026538372039795,-0.5839869379997253,-0.11696460843086243,0.03914773091673851,1.426186442375183,-1.674312949180603,-0.09411799907684326,-0.03462355583906174,-0.0819900631904602,48.274845123291016,15.8085355758667,73823.8828125,6.870208017062396e-05,-0.9599258899688721,-0.09384609013795853,fit,,184.8,,,,-4.576576
North,offset_fixed,15737,0.7788650393486023,0.999412477016449,1.0,-0.6527289152145386,-0.11174574494361877,-0.0168608445674181,0.0032149595208466053,-0.0637013167142868,0.023687591776251793,-1.9521350860595703,-0.4987240433692932,0.22372402250766754,-0.6057072877883911,-1.3301811218261719,-1.0309799909591675,0.9597479104995728,-0.5529851317405701,-0.09935097396373749,0.04527566209435463,1.9733843803405762,-1.1292744874954224,-0.2183746099472046,-0.044720254838466644,-0.09433040022850037,48.28314208984375,15.812207221984863,73713.4375,6.875209510326385e-05,-1.0915459394454956,-0.2021021842956543,fit,,68.3,,,,-4.576576
North,offset_free,15737,6.393369403667748e-05,0.19272544980049133,1.0,-0.7676360011100769,0.09471667557954788,0.09586383402347565,0.010925662703812122,-0.08355075865983963,-0.08242167532444,-1.399835228919983,-0.38853615522384644,-0.055407412350177765,-0.4010773301124573,-1.3357008695602417,-0.8984980583190918,0.9626612067222595,-0.5369794964790344,-0.06775785982608795,0.06778983026742935,2.1135852336883545,-2.4178624153137207,-0.14746858179569244,-0.10104666650295258,-0.1928628534078598,0.0005132635706104338,1.2069097757339478,35322.171875,0.20933394134044647,-1.0088106393814087,-0.512836754322052,fit,,134.8,0.16383567452430725,0.09130668640136719,0.23578089475631714,-4.576576
Lower South,baseline,211,0.079832524061203,0.8977004885673523,1.0,-0.24341981112957,-0.1694418340921402,-0.7310473918914795,0.7225107550621033,1.2013682126998901,0.8375269770622253,0.0487491600215435,0.12331055104732513,0.10916593670845032,-0.10792297124862671,0.10736900568008423,-0.014240161515772343,0.03462273254990578,-0.22655810415744781,0.2330121099948883,0.4124385714530945,-0.24878327548503876,0.09902913868427277,0.2549731135368347,-0.16679365932941437,-0.015343140810728073,0.04144711419939995,0.05769699811935425,551.7566528320312,2.804907741738802e-20,-0.43497422337532043,-0.04671020433306694,fit,,18.8,,,,-6.742081
Lower South,offset_fixed,211,0.4282117187976837,0.544572651386261,1.0,-1.2622427940368652,-1.472802758216858,-0.5731059908866882,-1.623521327972412,0.5915359854698181,-0.05380877107381821,0.7220392823219299,0.35821279883384705,0.16662158071994781,-0.3724631369113922,-0.016230616718530655,0.6003568172454834,-1.0097521543502808,-0.043931372463703156,-0.2764134705066681,-0.9240761399269104,0.1962597370147705,0.5387870073318481,-0.10230986773967743,-0.5004305839538574,-0.05635678768157959,4.433272838592529,1.43605637550354,23.07375717163086,4.506555706029758e-05,-2.09649395942688,-0.40553954243659973,fit,,11.4,,,,-6.742081
Lower South,offset_free,211,0.2857989966869354,0.3533525764942169,1.0,-1.2974767684936523,-0.9651584029197693,-0.5960388779640198,-1.17910635471344,0.7018791437149048,-0.5093962550163269,0.8516010046005249,0.347079873085022,0.309312641620636,-0.6571772694587708,-0.07269846647977829,0.19130031764507294,-0.3867819011211395,-0.09118334949016571,-0.28780439496040344,-0.8687352538108826,0.13750159740447998,0.09721779823303223,0.2483193725347519,-0.3682188391685486,-0.43045175075531006,3.505436897277832,1.1916183233261108,1301.1949462890625,6.163249719594157e-20,-2.0777711868286133,-0.4731016457080841,fit,,7.9,0.08085649460554123,-0.13158918917179108,0.3030943274497986,-6.742081
Lower Northeast,baseline,4932,0.6559438705444336,0.9682087302207947,1.0,-0.5912071466445923,0.05048716813325882,-0.04263407737016678,-0.014623514376580715,0.037447404116392136,0.08991772681474686,0.42743077874183655,0.5093675851821899,-0.07810419797897339,0.14821942150592804,0.07172118872404099,-0.40610769391059875,-3.2641422748565674,-0.24604378640651703,0.42923703789711,-0.7382334470748901,-0.4451623857021332,1.118292212486267,0.23763594031333923,-0.09381202608346939,0.1527012288570404,22.745553970336914,7.498080253601074,14240.8681640625,5.987344775348902e-05,-1.172629952430725,0.005863211117684841,fit,,15.7,,,,-5.437422
Lower Northeast,offset_fixed,4932,0.6559863090515137,0.9682679176330566,1.0,-0.5722176432609558,0.012436668388545513,-0.043251194059848785,-0.0748952105641365,0.03650185838341713,-0.10893920809030533,0.18373171985149384,0.3736010789871216,0.08184950798749924,0.17957189679145813,0.09479400515556335,-0.5284899473190308,-3.1953935623168945,-0.25914230942726135,0.27707040309906006,-0.9185872673988342,0.44632086157798767,1.5733929872512817,0.10351625829935074,0.01310777012258768,0.16935212910175323,22.75509262084961,7.502118110656738,14255.8359375,5.9902260545641184e-05,-1.1458220481872559,0.016824066638946533,fit,,13.5,,,,-5.437422
Lower Northeast,offset_free,4932,0.0002006303984671831,0.20249313116073608,1.0,-0.7586840987205505,0.04077133908867836,0.03199087083339691,-0.03327779844403267,0.020935775712132454,-0.05840572714805603,0.08937907963991165,0.3152553141117096,0.056151457130908966,0.21427612006664276,-0.05527755990624428,-0.6404992938041687,-2.6794817447662354,-0.3049846887588501,0.0035348692908883095,-0.23202919960021973,0.4922732412815094,1.360608696937561,0.11246694624423981,-0.03566949814558029,0.17244505882263184,0.0014164495514705777,1.1992583274841309,5897.75390625,0.2059847116470337,-1.1984286308288574,-0.2940972149372101,fit,,13.5,0.6903022527694702,0.552370548248291,0.8149266839027405,-5.437422
Central Northeast,baseline,1610,0.4493628442287445,0.5994038581848145,1.0,-0.8558974266052246,-0.1158822700381279,-0.4197152853012085,0.27350375056266785,0.45746102929115295,-0.12059081345796585,0.2013389766216278,-0.043188758194446564,0.0006373340729624033,-0.0982092022895813,-0.12656158208847046,-0.2501693367958069,0.2666953206062317,-1.5243241786956787,0.6524168252944946,0.29452890157699585,-0.24358178675174713,-0.13261030614376068,0.19004587829113007,0.010177367366850376,0.014395744539797306,9.14011001586914,2.0634372234344482,8077.01953125,0.0001174977733171545,-1.2526084184646606,-0.4485098719596863,fit,,15.5,,,,-6.571697
Central Northeast,offset_fixed,1610,0.42468246817588806,0.5490082502365112,1.0,-0.39691174030303955,-0.10896848887205124,-0.3567276895046234,0.14852766692638397,0.4592481851577759,0.044964637607336044,-0.06155775859951973,-0.1557772159576416,0.05039291828870773,-0.007521200459450483,-0.047884486615657806,-0.05435784161090851,0.05326801538467407,-0.7457419037818909,0.5043867230415344,0.4358865022659302,-0.21225103735923767,0.05172247439622879,-0.1290559023618698,0.08509498089551926,-0.22675345838069916,9.29713249206543,1.875756859779358,18619.11328125,3.465927156275533e-20,-0.5967240929603577,-0.19172188639640808,fit,,11.4,,,,-6.571697
Central Northeast,offset_free,1610,0.42466089129447937,0.55850750207901,1.0,-0.3669174611568451,-0.09880775213241577,-0.3556841015815735,0.22253689169883728,0.4061135947704315,0.06803029030561447,0.039440590888261795,-0.12731419503688812,0.03750215098261833,-0.014427182264626026,-0.07650648802518845,-0.09434198588132858,0.06162897124886513,-0.8813574314117432,0.4663023352622986,0.43395406007766724,-0.2808394134044647,-0.007047254126518965,-0.004151450470089912,0.0674424022436142,-0.14144295454025269,8.863264083862305,1.9597903490066528,18338.20703125,6.525828185235438e-20,-0.5425162315368652,-0.18139861524105072,fit,,12.2,0.49874264001846313,0.31811201572418213,0.6726807355880737,-6.571697
West,baseline,8906,0.7024065256118774,0.9975644946098328,1.0,-0.1039939746260643,0.08455054461956024,-0.41114288568496704,-0.04001488536596298,-0.11848534643650055,-0.23249147832393646,-0.07748643308877945,0.17198900878429413,-0.5066328644752502,-0.19808261096477509,-0.19509972631931305,-1.8055756092071533,-0.08552684634923935,-0.6347435116767883,0.048108235001564026,-0.035885151475667953,-0.35846593976020813,-0.00908028893172741,0.021917490288615227,-0.10348145663738251,0.013005947694182396,32.16494369506836,10.440964698791504,32412.595703125,7.688842742936686e-05,-0.2809343636035919,0.07770835608243942,fit,,37.1,,,,-5.039844
West,offset_fixed,8906,0.7032771110534668,0.9975579977035522,1.0,-0.9926641583442688,0.013810032047331333,-0.35128355026245117,-0.47885510325431824,-0.09964325278997421,-0.30076780915260315,0.04754897579550743,-0.06908723711967468,-0.39466938376426697,0.3112131357192993,-0.24312564730644226,-1.2848703861236572,-0.35775497555732727,0.4401002526283264,0.026875371113419533,-0.1137067899107933,0.05385509133338928,0.3344021141529083,-0.1716243177652359,0.006724207662045956,0.07240823656320572,32.15046691894531,10.435432434082031,32401.439453125,7.682551222387701e-05,-1.1956273317337036,-0.7842387557029724,fit,,33.0,,,,-5.039844
West,offset_free,8906,0.7061449289321899,0.9976422190666199,1.0,-0.7958407998085022,0.1164325624704361,-0.3554214537143707,-0.23101384937763214,-0.09690453857183456,-0.16581271588802338,0.12941712141036987,0.18404534459114075,-0.47550809383392334,-0.018244003877043724,-0.14993354678153992,-1.0552446842193604,-0.5101066827774048,-1.0477957725524902,0.038397166877985,-0.044316235929727554,-0.5135733485221863,-0.13905508816242218,0.012747237458825111,-0.05210881307721138,0.03311662748456001,32.09695816040039,10.442546844482422,32630.40234375,7.726418698439375e-05,-1.007270336151123,-0.5724669694900513,fit,,31.2,-0.18607376515865326,-0.2755192518234253,-0.1026875302195549,-5.039844
Upper Far Northeast,baseline,660,0.4532789885997772,0.5656408071517944,1.0,-0.5568139553070068,0.7555910348892212,-0.2887044847011566,-0.08211980015039444,-0.05203857645392418,0.037866946309804916,0.08125541359186172,-0.14871317148208618,-0.08722052723169327,-0.008971977047622204,-0.1804105043411255,-0.2545427680015564,-0.11653067171573639,0.3818291127681732,0.6810501217842102,0.5461121797561646,0.7034249305725098,-0.1564260572195053,-0.1121298149228096,-0.06701242923736572,0.5060003995895386,6.834602355957031,1.7989598512649536,512.8109130859375,3.7450452509801835e-05,-1.1823471784591675,0.08555412292480469,fit,,10.8,,,,-7.690987
Upper Far Northeast,offset_fixed,660,0.4547940790653229,0.5650647878646851,1.0,-0.6701299548149109,0.8890660405158997,-0.18039117753505707,-0.032041072845458984,0.06449553370475769,0.007989504374563694,-0.07829014956951141,-0.20501337945461273,-0.006996645592153072,-0.020085299387574196,-0.17123521864414215,-0.18064969778060913,-0.18054914474487305,0.3872235417366028,0.7907164692878723,0.6124056577682495,0.9966208934783936,-0.05066846311092377,-0.20358309149742126,-0.01357831247150898,0.6846895217895508,6.836501121520996,1.7997336387634277,514.7796020507812,3.718245352501981e-05,-1.3339027166366577,0.011506641283631325,fit,,7.6,,,,-7.690987
Upper Far Northeast,offset_free,660,0.4528854489326477,0.5607541799545288,1.0,-0.6793590784072876,0.9117471575737,-0.2757842242717743,-0.14456886053085327,0.031715963035821915,0.045253049582242966,-0.0072763776406645775,-0.19709256291389465,-0.08217835426330566,-0.018503764644265175,-0.18942716717720032,-0.2387170046567917,-0.1173148825764656,0.42457515001296997,0.7816463708877563,0.6212584972381592,1.086309790611267,-0.3561188280582428,-0.2573028802871704,-0.036261532455682755,0.5746908187866211,6.808982849121094,1.7881299257278442,519.7535400390625,3.721105167642236e-05,-1.2976239919662476,-0.02616661787033081,fit,,9.8,0.3931325078010559,0.08781930804252625,0.690647304058075,-7.690987
Lower Southwest,baseline,3320,0.7099353075027466,0.9943360686302185,1.0,-0.1726807802915573,0.14772097766399384,-0.03294897824525833,0.4721889793872833,-0.1425950825214386,0.25200268626213074,0.10904640704393387,0.21782144904136658,-0.15927857160568237,0.07828093320131302,-0.38064682483673096,-0.22268882393836975,-0.04892202839255333,-0.006477463990449905,0.018907690420746803,0.13675668835639954,-0.35631245374679565,-0.008095720782876015,-0.1668538749217987,0.23540733754634857,0.10221574455499649,20.271387100219727,6.728992938995361,11959.4033203125,7.985270349308848e-05,-0.38601428270339966,0.04639407619833946,fit,,18.7,,,,-5.4511456
Lower Southwest,offset_fixed,3320,0.00043912039836868644,0.25978371500968933,1.0,-0.6173086166381836,-0.1703440397977829,0.31576773524284363,0.4279666841030121,-0.005519594065845013,-0.20236767828464508,0.29013583064079285,0.16604992747306824,-0.04578102007508278,0.2777217924594879,0.2582612633705139,-0.420629620552063,0.23375122249126434,0.16399931907653809,0.052066076546907425,-2.61346697807312,0.12610715627670288,0.02322506345808506,-0.5195500254631042,0.48363885283470154,0.3359069228172302,0.0016403879271820188,1.0532935857772827,5782.259765625,0.17666199803352356,-1.103291392326355,-0.11824675649404526,fit,,14.0,,,,-5.4511456
Lower Southwest,offset_free,3320,0.00030808901647105813,0.20759154856204987,1.0,-0.07055813074111938,-0.020742740482091904,-0.015770334750413895,0.5436921715736389,-0.0031314038205891848,0.12410194426774979,-0.020574240013957024,0.24967548251152039,-0.10792834311723709,0.015900112688541412,0.011949487961828709,-0.21781441569328308,-0.16390293836593628,-0.042263735085725784,-0.0009873752715066075,-1.5956814289093018,0.20143213868141174,-0.36764058470726013,-0.11398587375879288,0.13509976863861084,0.16995950043201447,0.0021043827291578054,1.1798464059829712,5981.21484375,0.20332761108875275,-0.5456014275550842,0.43132174015045166,fit,,14.3,-0.10822904855012894,-0.1839345395565033,-0.03328423947095871,-5.4511456
West Park,baseline,2492,0.6805657744407654,0.9842621088027954,1.0,-0.24379979074001312,-0.0794651135802269,-0.16454672813415527,0.28465425968170166,0.1376170516014099,0.04335332289338112,-0.026058431714773178,0.32543617486953735,-0.19692692160606384,0.15565134584903717,-0.0988348200917244,-0.7049388289451599,0.1519469916820526,-0.8197728991508484,-0.006207731552422047,0.12097988277673721,-0.31509020924568176,0.022276924923062325,0.11633916199207306,0.222580224275589,-0.1351667046546936,16.95582389831543,5.477766990661621,7402.908203125,7.395659486064687e-05,-0.43287160992622375,-0.04963953047990799,fit,,19.3,,,,-5.8927636
West Park,offset_fixed,2492,0.680624783039093,0.9840021133422852,1.0,-0.6972320675849915,0.013712232001125813,0.03238988295197487,-0.6447791457176208,-0.03774046525359154,-0.2768605947494507,-0.001021490665152669,0.02057531289756298,0.09803004562854767,0.5586504936218262,-0.1312582939863205,-0.624417781829834,0.30195069313049316,-1.0754914283752441,0.00043066704529337585,0.1885722279548645,-0.17185819149017334,0.11373509466648102,-0.08873115479946136,0.35277897119522095,-0.02760186605155468,16.938913345336914,5.465146064758301,7472.27001953125,7.373475818894804e-05,-0.9812405109405518,-0.40558019280433655,fit,,12.4,,,,-5.8927636
West Park,offset_free,2492,0.5384749174118042,0.9932542443275452,1.0,-0.5465274453163147,-0.052668247371912,0.03372685983777046,-0.44542196393013,-0.046612393110990524,-0.2857372760772705,-0.020833075046539307,0.17717435956001282,-0.01120938453823328,0.4423823654651642,-0.07254976034164429,-0.8378452658653259,0.3566979765892029,-1.1108176708221436,0.0067177326418459415,0.2112565040588379,-0.3451203405857086,-0.09113189578056335,0.010279258713126183,0.3283117413520813,-0.06389449536800385,2.5559329986572266,0.7386325001716614,5957.4775390625,0.001163634005934,-0.74912428855896,-0.3324853777885437,fit,,13.4,0.5717664361000061,0.46181654930114746,0.6765549778938293,-5.8927636
Lower North,baseline,14223,0.7617391347885132,0.9992715120315552,1.0,-0.7379344701766968,0.019853241741657257,-0.3307837247848511,0.004709539003670216,-0.032316580414772034,-0.2642535865306854,0.3430064618587494,-0.08320249617099762,-0.2287961095571518,0.16651159524917603,-0.3222467601299286,0.08409475535154343,-0.8867973685264587,-0.8169438242912292,0.004940348211675882,0.021070046350359917,0.37092325091362,0.06508360803127289,-0.11575675755739212,0.024908483028411865,0.037268538028001785,44.567195892333984,14.385045051574707,63737.18359375,7.320327858906239e-05,-0.9913745522499084,-0.47767356038093567,fit,,125.8,,,,-4.608535
Lower North,offset_fixed,14223,0.7618158459663391,0.9992697834968567,1.0,-0.9525336623191833,-0.2056477814912796,-0.3715727627277374,0.13873624801635742,-0.04482721537351608,-0.27324652671813965,-0.352640837430954,-0.1641921103000641,-0.09357065707445145,0.22394607961177826,-0.5333433151245117,-0.7440886497497559,-2.13820481300354,0.30172160267829895,0.0006294372724369168,0.007676826789975166,1.9413442611694336,0.2703843116760254,-0.35254010558128357,-0.04614386707544327,0.0131990322843194,44.54704666137695,14.374021530151367,63772.078125,7.309274224098772e-05,-1.293561577796936,-0.6023276448249817,fit,,117.6,,,,-4.608535
Lower North,offset_free,14223,0.7624181509017944,0.9992971420288086,1.0,-0.8017907738685608,-0.10401348024606705,-0.3592151701450348,0.02935175597667694,-0.04223097860813141,-0.16221913695335388,-0.08037437498569489,-0.08075245469808578,-0.14163750410079956,0.2178288996219635,-0.4819384515285492,-0.18374259769916534,-2.1736087799072266,-0.3034358024597168,-0.0018388383323326707,0.023217294365167618,1.7108423709869385,-0.1828424632549286,-0.2588653266429901,0.008612256497144699,0.0628378763794899,44.47228240966797,14.407381057739258,63833.14453125,7.366341742454097e-05,-1.1316957473754883,-0.45324844121932983,fit,,113.2,0.44721996784210205,0.37018823623657227,0.5229154825210571,-4.608535
Lower Northwest,baseline,1476,0.6146407127380371,0.886935293674469,1.0,-0.27668821811676025,0.06285049766302109,0.021237587556242943,-0.29480689764022827,0.5256898403167725,0.013074231334030628,-0.11579525470733643,0.12055506557226181,-0.03459423407912254,-0.4450502395629883,-0.023850107565522194,0.2298707515001297,-1.070042610168457,0.23386649787425995,-0.4378484785556793,-0.21285375952720642,0.1377670019865036,0.30705299973487854,0.05716179311275482,-0.0903317853808403,-0.10388510674238205,11.450875282287598,3.371415376663208,3484.73828125,6.989640678511932e-05,-0.9157127141952515,0.37953415513038635,fit,,19.4,,,,-6.430607
Lower Northwest,offset_fixed,1476,0.6134523749351501,0.8855893611907959,1.0,-0.29885807633399963,0.26152098178863525,0.015283237211406231,-0.5479453802108765,0.296295166015625,-0.009943838231265545,-0.16968782246112823,0.03582721948623657,0.027662718668580055,-0.10039875656366348,-0.029821107164025307,0.00372346886433661,-1.4387837648391724,-0.2004154920578003,0.649029552936554,-0.06050386652350426,0.49806109070777893,1.2831376791000366,-0.17114406824111938,-0.07561875879764557,0.21831968426704407,11.436995506286621,3.363564968109131,3442.613037109375,6.957822915865108e-05,-0.9329940676689148,0.35234421491622925,fit,,11.2,,,,-6.430607
Lower Northwest,offset_free,1476,0.6176924109458923,0.886652946472168,1.0,-0.28124868869781494,0.07154412567615509,0.016290917992591858,-0.3196259140968323,0.5238459706306458,0.01434414554387331,-0.1162615716457367,0.12134214490652084,-0.03512618690729141,-0.4519137442111969,-0.024010486900806427,0.23893427848815918,-1.0623921155929565,0.27211686968803406,-0.48124176263809204,-0.2319914996623993,0.13900688290596008,0.3392452299594879,0.05938337370753288,-0.09258460998535156,-0.12134915590286255,11.444730758666992,3.3634400367736816,3482.7880859375,7.00463424436748e-05,-0.9309055805206299,0.40510913729667664,fit,,9.7,-0.004849446937441826,-0.18931324779987335,0.18101568520069122,-6.430607
