NAME,LISTNAME,MAPNAME,Shape_Leng,Shape_Area,n_events,area_km2,rate_per_km2
BRIDESBURG,Bridesburg,Bridesburg,27814.5465208,44586263.6032,143,4.13896210918782,34.54972435784405
BUSTLETON,Bustleton,Bustleton,48868.4583648,114050423.594,121,10.587635289537827,11.42842539349331
CEDARBROOK,Cedarbrook,Cedarbrook,20021.4158021,24871744.631499995,70,2.3089168560168627,30.317245862528697
CHESTNUT_HILL,Chestnut Hill,Chestnut Hill,56394.2971946,79664975.1899,35,7.39117172882546,4.73537908252091
EAST_FALLS,East Falls,East Falls,27400.7764171,40576887.8464,93,3.8708267434969015,24.025875132810487
MOUNT_AIRY_EAST,"Mount Airy, East",East Mount Airy,28845.549808,43152469.5661,274,4.005955781808362,68.39815887241555
GRAYS_FERRY,Grays Ferry,Grays Ferry,25521.5723562,31311634.9529,489,2.9094454297371546,168.0732675038271
OLNEY,Olney,Olney,32197.2052706,50308402.6667,1411,4.669931584285614,302.14575407229415
PENNYPACK_PARK,Pennypack Park,Pennypack Park,87084.2855886,60140755.755399995,30,5.583011142093284,5.373444407770223
SOMERTON,Somerton,Somerton,55054.575496,129254596.792,138,11.99914060498001,11.500823645880589
MOUNT_AIRY_WEST,"Mount Airy, West",West Mount Airy,37723.3789332,53743368.55929999,118,4.866157678333603,24.249111475649645
WEST_OAK_LANE,West Oak Lane,West Oak Lane,30804.2062001,52596735.8648,733,4.8827400197219415,150.12062838474498
WISSAHICKON_PARK,Wissahickon Park,Wissahickon Park,95219.1927059,63483783.9789,13,5.362867074652397,2.4240764909957453
RIVERFRONT,Riverfront,Riverfront,47425.5088329,62838389.877900004,86,8.099200999986374,10.618331363815354
BYBERRY,Byberry,Byberry,33932.9472042,46168309.60059999,12,4.2859424058455415,2.799850969446849
WEST_TORRESDALE,West Torresdale,West Torresdale,10730.0049215,5820666.51407,0,0.5403454718016006,0.0
MECHANICSVILLE,Mechanicsville,Mechanicsville,5941.33261823,1646440.4726,0,0.15284378876410698,0.0
PARKWOOD_MANOR,Parkwood Manor,Parkwood Manor,36872.9348753,47006036.32230001,54,4.363697638715467,12.374826230145466
FRANKLIN_MILLS,Franklin Mills,Franklin Mills,18142.2281448,14847439.2465,8,1.3783237461968558,5.804151616827342
NORTHEAST_AIRPORT,Northeast Phila Airport,Northeast Phila Airport,36657.1016715,81858025.4635,13,7.599100215194656,1.7107288536616565
MODENA,Modena,Modena,20886.7062751,23628846.5994,46,2.193520983922577,20.970850216230996
MORRELL_PARK,Morrell Park,Morrell Park,22335.0658962,25924042.0297,61,2.4065823855416384,25.34714804133789
MILLBROOK,Millbrook,Millbrook,15957.8199402,12626016.9653,3,1.1721013456685314,2.559505635827839
CRESTMONT_FARMS,Crestmont Farms,Crestmont Farms,9263.538528,3624101.55692,8,0.3364327158913977,23.778900273724993
ACADEMY_GARDENS,Academy Gardens,Academy Gardens,18120.0398063,15080135.9799,22,1.3999208704303188,15.715173953537436
PENNYPACK,Pennypack,Pennypack,24887.2118247,34685420.1413,42,3.219930100365868,13.043761414332476
ASTON_WOODBRIDGE,Aston-Woodbridge,Aston-Woodbridge,17216.8671936,14147909.4454,22,1.3133822337865477,16.750645344556613
PENNYPACK_WOODS,Pennypack Woods,Pennypack Woods,19811.0332176,13509409.2188,14,1.2541351452061942,11.163071263502658
WINCHESTER_PARK,Winchester Park,Winchester Park,11984.696725,6558582.960289999,13,0.6088173737568298,21.35287289812525
TORRESDALE,Torresdale,Torresdale,35702.4924982,65136117.6726,55,6.046691085892878,9.095883884049698
LEXINGTON_PARK,Lexington Park,Lexington Park,15293.6136901,11359376.6636,116,1.0545143804768005,110.0032414423314
RHAWNHURST,Rhawnhurst,Rhawnhurst,37982.4400094,56786859.4536,206,5.271650267011103,39.07694736297387
FOX_CHASE,Fox Chase,Fox Chase,35027.5171787,54942234.8065,145,5.100425417466069,28.429001138504468
BURHOLME,Burholme,Burholme,18179.2233406,10450451.3157,30,0.9701396919425332,30.923381703855764
OXFORD_CIRCLE,Oxford Circle,Oxford Circle,31820.6223266,59779885.4576,383,5.5494778769508075,69.01550172688346
SUMMERDALE,Summerdale,Summerdale,12065.377599,7236096.760929999,113,0.6717381322963919,168.2203146837894
CRESCENTVILLE,Crescentville,Crescentville,18197.1391982,16230908.784,15,1.5067430591310806,9.955247451845112
LAWNDALE,Lawndale,Lawndale,32758.368098,38060419.8366,252,3.533220962677899,71.32302300420072
NORTHWOOD,Northwood,Northwood,27334.1220893,28028130.7406,163,2.6018895356078096,62.646779492090424
HOLMESBURG,Holmesburg,Holmesburg,40376.27753530001,84064467.3235,402,7.803832378578238,51.513151551473925
FRANKFORD,Frankford,Frankford,26646.6063939,41352420.6523,756,3.838788565481822,196.93712928029194
MAYFAIR,Mayfair,Mayfair,38261.57520630001,52171748.5331,612,4.843186970531866,126.36307533111649
TACONY,Tacony,Tacony,32404.9977888,49925598.6705,444,4.634655853374645,95.79999336449308
WISSINOMING,Wissinoming,Wissinoming,29226.4744992,42361155.0398,390,3.9324337680199366,99.17522404868708
ANDORRA,Andorra,Andorra,26469.7742884,24518134.0115,9,2.276097077843506,3.9541371445048705
UPPER_ROXBOROUGH,Upper Roxborough,Upper Roxborough,50882.0814075,68691431.6958,47,6.384625478102859,7.361434145384778
DEARNLEY_PARK,Dearnley Park,Dearnley Park,17330.8420224,16215770.7346,23,1.5053527230785673,15.278811169891899
ROXBOROUGH_PARK,Roxborough Park,Roxborough Park,13388.15641,9697307.65918,11,0.900224856244672,12.219169381622041
GERMANY_HILL,Germany Hill,Germany Hill,13041.9390872,6949968.42772,20,0.6406983269753612,31.21593916815257
WISSAHICKON_HILLS,Wissahickon Hills,Wissahickon Hills,7113.02864233,3048525.57286,23,0.28138449870902277,81.73868889552476
ROXBOROUGH,Roxborough,Roxborough,23054.7098435,22416604.1318,124,2.0847275600285853,59.48019414023564
MANAYUNK,Manayunk,Manayunk,16157.0546719,14712063.374,231,1.3672726254515837,168.94948066681667
WISSAHICKON,Wissahickon,Wissahickon,17714.1859718,9064239.11735,51,0.8414494579014202,60.60970094055832
GERMANTOWN_EAST,"Germantown, East",East Germantown,22052.7346609,25689796.5206,528,2.384840460834703,221.39845774639284
GERMANTOWN_MORTON,"Germantown, Morton",Germantown - Morton,13572.1805481,10124433.1088,195,0.9398732014454734,207.4747952171641
GERMANTOWN_WEST_CENT,"Germantown, West Central",West Central Germantown,17090.4513309,17048848.22,124,1.4321013186808857,86.58605252470328
GERMANTOWN_PENN_KNOX,"Germantown, Penn Knox",Germantown - Penn Knox,9550.41261311,5075548.61747,42,0.47117266639791205,89.13929647296305
GERMANTOWN_WESTSIDE,"Germantown, Westside",Germantown - Westside,10355.1783896,6574067.573309999,79,0.6102823805430317,129.4482726663442
GERMANTOWN_SOUTHWEST,"Germantown, Southwest",Southwest Germantown,14880.7436082,14418666.0223,280,1.3385084526122377,209.18807008917355
OGONTZ,Ogontz,Ogontz,17256.5827084,18032499.7512,566,1.6739444303410322,338.123530113057
WISTER,Wister,Wister,15136.0986992,10443333.5228,321,0.969474303831791,331.1072802355525
NICETOWN,Nicetown,Nicetown,11237.318154,6587595.764270001,205,0.6115359547646624,335.2214999016538
TIOGA,Tioga,Tioga,27189.6670807,31627964.4932,584,2.9366219599358603,198.86795371262406
ALLEGHENY_WEST,Allegheny West,Allegheny West,24468.9064427,32220705.1812,489,2.990788339422431,163.5020417708442
GLENWOOD,Glenwood,Glenwood,12350.882116,9652807.95378,222,0.8964210306852692,247.65148563091168
FERN_ROCK,Fern Rock,Fern Rock,11426.5545597,8325509.454950001,105,0.7728736017572361,135.8566261821698
EAST_OAK_LANE,East Oak Lane,East Oak Lane,20501.3566277,24048138.6303,162,2.232441880429227,72.56627884478345
MELROSE_PARK_GARDENS,Melrose Park Gardens,Melrose Park Gardens,11457.2652622,7205121.69899,17,0.6688660855995723,25.41614886148874
FRANKLINVILLE,Franklinville,Franklinville,17874.5350814,14189794.7307,332,1.3166512622745739,252.1548488294882
FELTONVILLE,Feltonville,Feltonville,22648.9887485,27907972.4786,521,2.5907346466716175,201.10125931628772
RICHMOND,Richmond,Richmond,45405.1546272,78360637.683,1218,7.273312596873634,167.46152235001503
PORT_RICHMOND,Port Richmond,Port Richmond,17870.1822878,17061791.6222,20,1.5820415625697024,12.641892901672
HUNTING_PARK,Hunting Park,Hunting Park,32920.7993595,39024501.3163,543,3.624269894827521,149.8232791037328
JUNIATA_PARK,Juniata Park,Juniata Park,30347.1877843,32441851.8233,333,3.0116110865769556,110.57204613311907
HARROWGATE,Harrowgate,Harrowgate,23231.2468158,25350470.957900003,695,2.3532978442866455,295.33023271462486
FAIRHILL,Fairhill,Fairhill,12327.7650097,7514288.076390001,225,0.697556933523677,322.5543166253438
UPPER_KENSINGTON,Upper Kensington,Upper Kensington,19841.0992776,22783026.1311,1050,2.1137109463074797,496.7566647815701
MCGUIRE,McGuire,McGuire,8681.67645939,3555354.62034,170,0.3302955127705648,514.6906131845883
STANTON,Stanton,Stanton,16115.7451693,12654858.3202,574,1.175353156271024,488.36385637581225
BREWERYTOWN,Brewerytown,Brewerytown,14790.6737359,11256539.3166,838,1.0444370172973048,802.346131094144
SHARSWOOD,Sharswood,Sharswood,9641.89101249,5371791.19264,92,0.49935566546015714,184.2374210678512
NORTH_CENTRAL,North Central,North Central,19020.1009197,19847852.3284,909,1.8451626537283363,492.63949612424375
YORKTOWN,Yorktown,Yorktown,11213.9637532,7722353.00128,45,0.7132552629388398,63.09101711298366
LUDLOW,Ludlow,Ludlow,8574.16968706,3679175.82774,142,0.3417816201810306,415.4699715121815
HARTRANFT,Hartranft,Hartranft,23082.015936,26159658.705500003,864,2.4278207097783753,355.87471369698903
WEST_KENSINGTON,"Kensington, West",West Kensington,20074.2409466,19544179.7878,984,1.814040935213589,542.4353888045762
FISHTOWN,Fishtown - Lower Kensington,Fishtown - Lower Kensington,25973.3958005,33605828.4272,1170,3.122346118719,374.7182264597924
OLD_KENSINGTON,"Kensington, Old",Old Kensington,10913.733421,7476740.479629999,516,0.6937327040619503,743.8023275805103
NORTHERN_LIBERTIES,Northern Liberties,Northern Liberties,20685.0153986,20313755.973,789,1.8857150984442355,418.4089105777144
LOGAN,Logan,Logan,29512.474658,39038966.3862,723,3.624127245511488,199.49630656468852
SOCIETY_HILL,Society Hill,Society Hill,10711.7713783,6861824.157209999,247,0.6369781265602452,387.76841731415215
OLD_CITY,Old City,Old City,14323.3716974,12554436.225700002,280,1.1654221877561166,240.25628046356923
CHINATOWN,Chinatown,Chinatown,4936.52461685,1360164.87128,113,0.12626363384946793,894.9528581976273
CENTER_CITY,Center City East,Center City East,10358.0900976,4098334.07183,52,0.3804469085982305,136.68135770006847
WASHINGTON_SQUARE,Washington Square West,Washington Square West,12119.2682525,9148298.93017,919,0.8491791039048385,1082.221637077619
FAIRMOUNT,Fairmount,Fairmount,13473.0527819,7889607.78894,317,0.7323942079561008,432.82701659350204
FRANCISVILLE,Francisville,Francisville,10512.7437017,5893974.41778,476,0.5471384152980415,869.9809530659797
SPRING_GARDEN,Spring Garden,Spring Garden,13574.8062342,6775875.8228,277,0.6288025342883187,440.5198530465685
LOGAN_SQUARE,Logan Square,Logan Square,18613.9089914,18608228.2928,159,1.7274070637992218,92.04547285472992
RITTENHOUSE,Rittenhouse,Rittenhouse,16365.2709581,14620958.306099998,700,1.35730984958651,515.7260151123545
FITLER_SQUARE,Fitler Square,Fitler Square,6822.59824096,2838658.61025,56,0.26305253402714773,212.8852330090865
GRADUATE_HOSPITAL,Graduate Hospital,Graduate Hospital,18603.0117459,14126514.5652,450,1.3093854304504036,343.6726799726255
POINT_BREEZE,Point Breeze,Point Breeze,17529.2837139,16937721.0269,909,1.5735934752088834,577.6587246457264
HAWTHORNE,Hawthorne,Hawthorne,8321.26991108,4250950.65731,174,0.39434126309449286,441.2421835711009
BELLA_VISTA,Bella Vista,Bella Vista,8360.05369559,4253834.71172,210,0.39459871484371767,532.1862238785327
QUEEN_VILLAGE,Queen Village,Queen Village,10414.195744,6631987.938289999,344,0.6159226237336608,558.5117135569834
DICKINSON_NARROWS,Dickinson Narrows,Dickinson Narrows,10062.1547741,4927491.97891,451,0.45759347033676,985.5909868383663
PASSYUNK_SQUARE,Passyunk Square,Passyunk Square,11751.5037197,8709395.7535,366,0.8087563115551375,452.546700125564
GREENWICH,Greenwich,Greenwich,6232.87043811,1970548.7845,221,0.18274367659559845,1209.3441705731939
LOWER_MOYAMENSING,Lower Moyamensing,Lower Moyamensing,12975.3434458,10345496.8838,646,0.9603584751649767,672.6654855511384
WHITMAN,Whitman,Whitman,10895.2137948,7475589.535029999,286,0.6939479264801702,412.13467046532423
INDUSTRIAL,Industrial,Industrial,53290.7829178,119437430.82,39,10.902827507979108,3.5770537478886375
AIRPORT,Airport,Airport,49698.1915211,97738683.7255,2,9.328595851119598,0.21439453824767898
CLEARVIEW,Clearview,Clearview,14683.4594501,7095165.52126,47,0.6584760091552736,71.37693605617308
PENROSE,Penrose,Penrose,11694.2136344,8079790.79084,66,0.7500386020834314,87.99547092198651
PASCHALL,Paschall,Paschall,22650.029678,19662014.0038,436,1.8252140847679554,238.876087818175
BARTRAM_VILLAGE,Bartram Village,Bartram Village,20667.980476,14839895.3214,82,1.3764569705415426,59.573238942397566
KINGSESSING,Kingsessing,Kingsessing,30544.7764449,28773636.549,743,2.671040881079857,278.16871140497767
COBBS_CREEK,Cobbs Creek,Cobbs Creek,25355.9944604,37552297.3735,1187,3.485990971746163,340.50575851188205
WALNUT_HILL,Walnut Hill,Walnut Hill,10705.1426541,6693679.4906,232,0.6213754960639173,373.3652219464662
CEDAR_PARK,Cedar Park,Cedar Park,12495.3704755,9085793.01606,241,0.843653018660263,285.6624639152155
GARDEN_COURT,Garden Court,Garden Court,8630.28226907,3202937.32919,57,0.29732891860693944,191.70688228733113
WOODLAND_TERRACE,Woodland Terrace,Woodland Terrace,5188.77055752,1276673.90456,23,0.11868171911729765,193.79564242129175
SPRUCE_HILL,Spruce Hill,Spruce Hill,14095.2624941,9214557.75032,196,0.8551926257952907,229.18813152502202
SOUTHWEST_SCHUYLKILL,Southwest Schuylkill,Southwest Schuylkill,19282.6381694,13782430.5986,268,1.2802522179019238,209.333751781503
UNIVERSITY_CITY,University City,University City,26985.3088647,32993640.9892,101,3.502440911244103,28.837031818510756
POWELTON,Powelton,Powelton,8846.6881179,3356992.30425,57,0.3116297711198678,182.90935360625434
WEST_POWELTON,West Powelton,West Powelton,12588.9313207,6840857.33772,67,0.6376359423092897,105.07563258957757
EAST_PARKSIDE,East Parkside,East Parkside,10885.7815353,4230999.8669,107,0.39276607828456594,272.42678509134544
BELMONT,Belmont,Belmont,10727.5746146,5562268.82542,173,0.5131160445425327,337.1557016000888
HAVERFORD_NORTH,Haverford North,Haverford North,8163.07457694,2839016.79027,121,0.26458017624269164,457.3282916291138
WEST_PARKSIDE,West Parkside,West Parkside,11392.2493318,7502885.31823,105,0.6964984583099613,150.75410253567577
MILL_CREEK,Mill Creek,Mill Creek,16852.5280123,15395244.6903,268,1.4290688952197028,187.5346954205438
DUNLAP,Dunlap,Dunlap,6513.13059011,2366600.49147,48,0.21969236451438942,218.48733844755944
MANTUA,Mantua,Mantua,25053.449835,22922775.3069,273,1.686992557466824,161.82644007033133
HADDINGTON,Haddington,Haddington,22913.7361917,22297710.8938,729,2.069910103261701,352.189208048825
CARROLL_PARK,Carroll Park,Carroll Park,17104.323942,13055104.6484,423,1.2119156664182233,349.0341875438928
OVERBROOK,Overbrook,Overbrook,57004.9246069,76924994.536,700,7.141056130613331,98.02471611994996
WYNNEFIELD_HEIGHTS,Wynnefield Heights,Wynnefield Heights,19368.9785372,16384674.914499998,38,1.5210116381329382,24.983372281520147
CALLOWHILL,Callowhill,Callowhill,10543.653354,5835330.92903,135,0.5416395830922541,249.2432315032749
WEST_POPLAR,West Poplar,West Poplar,11636.9581236,8130260.63542,176,0.754731723821397,233.1954447454092
EAST_POPLAR,East Poplar,East Poplar,9108.87313506,4139158.70723,153,0.3846298156301158,397.785074850085
STRAWBERRY_MANSION,Strawberry Mansion,Strawberry Mansion,28308.1681324,25752961.6797,829,2.3899487391610608,346.8693643575813
EAST_PARK,East Park,East Park,34259.99785610001,33003060.9742,50,3.0651226069200312,16.312561163823126
WYNNEFIELD,Wynnefield,Wynnefield,29540.6131177,31690782.2296,354,2.9418925285099404,120.3307043236212
WEST_PARK,West Park,West Park,46219.2623016,62772662.0598,45,5.827249874815536,7.722339176578471
NORMANDY_VILLAGE,Normandy Village,Normandy Village,12444.2215274,8034864.193429999,4,0.7458986753078517,5.362658672572513
STADIUM_DISTRICT,Stadium District,Stadium District,37632.2859292,70693515.6765,162,4.29634971014072,37.70642776532592
NAVY_YARD,Navy Yard,Navy Yard,42694.5496439,80181568.733,0,7.443074164673021,0.0
EAST_KENSINGTON,East Kensington,East Kensington,11570.5147893,7672347.1013,981,0.7121136076244149,1377.5891788847855
ELMWOOD,Elmwood,Elmwood,23215.7245206,21901439.6201,498,2.03309340284454,244.94693618268528
GIRARD_ESTATES,Girard Estates,Girard Estates,17375.9724498,17926205.9702,183,1.6636972639088132,109.99597340807442
EASTWICK,Eastwick,Eastwick,43668.90528430001,74132096.2631,176,6.799908480487539,25.88270129002989
PACKER_PARK,Packer Park,Packer Park,21816.0179479,28888967.1096,22,2.6925465695255846,8.170703619019042
PENNSPORT,Pennsport,Pennsport,11823.2331084,6492472.62159,158,0.6026884305040832,262.15867437151604
NEWBOLD,Newbold,Newbold,10052.5708849,5876852.81252,335,0.5447407391823376,614.9714458713681
WEST_PASSYUNK,West Passyunk,West Passyunk,10499.291848,6494799.38332,301,0.6031201402360676,499.071378850299
EAST_PASSYUNK,East Passyunk,East Passyunk,10987.761846,6502097.10396,372,0.6035822021134367,616.3203598407075
BLUE_BELL_HILL,Blue Bell Hill,Blue Bell Hill,,,19,0.6973103812259326,27.247550748629813
