dist_name,n_events,prop_excitation_mean,alpha_mean,alpha_p_pos,a_0_mean,w_mean_pop_density,w_mean_med_inc_avg,w_mean_lep_density,w_mean_edu_hs_avg,w_mean_ndvi_mean_4yr,w_mean_RLD,w_mean_RMD,w_mean_RHD,w_mean_use_com,w_mean_use_civ,w_mean_I,w_mean_T,w_mean_GW,w_mean_vac_area,w_mean_landcare_area,w_mean_alloc_avg_d_cnt,w_mean_alloc_avg_s_cnt,w_mean_unique_device_ratio_aw,w_mean_reporting_rate,w_mean_betweenness_avg_w,w_mean_pagerank_avg_w,beta_mean,gamma_mean,loglik_mean,sigmax_2_mean,status,error,runtime_sec
River Wards,10767,9.222258813679218e-05,0.19975927472114563,1.0,-0.37122946977615356,0.14747782051563263,0.05852549150586128,-0.007171628996729851,-0.06302455067634583,-0.1962820291519165,0.5888962745666504,0.1767452508211136,0.4290449321269989,-0.1278863549232483,-1.0449086427688599,-0.06932727247476578,0.053133103996515274,0.23259121179580688,0.07418154180049896,-0.9898267388343811,1.2753095626831055,-0.8873979449272156,-0.15445061028003693,0.33136260509490967,-0.19709482789039612,-0.0721588283777237,0.0006813802174292505,1.200766682624817,25790.02734375,0.2062675803899765,fit,,42.9
North Delaware,4163,0.6970804333686829,0.9942260980606079,1.0,-0.408700555562973,-0.02688198909163475,-0.24441753327846527,0.020260576158761978,0.07812130451202393,-0.0792417824268341,0.13008515536785126,0.0064142863266170025,-0.3037465214729309,-0.0023091728799045086,-0.1882038563489914,-0.02971755340695381,0.247343972325325,-0.008740024641156197,0.656790018081665,0.6355152726173401,-0.7096080780029297,0.5094531178474426,0.18159456551074982,0.3546305298805237,0.12036211043596268,0.11929532885551453,20.88921356201172,6.285781383514404,16014.5576171875,6.193554872879758e-05,fit,,22.0
Lower Far Northeast,719,0.15287144482135773,0.9626429677009583,1.0,-0.3017328083515167,0.5523635149002075,-0.15919776260852814,-0.2669034004211426,0.3422986567020416,0.09596630930900574,-0.07653918862342834,-0.0936369076371193,-0.0680587887763977,0.05555851384997368,-0.03589583560824394,0.0379219576716423,-0.20491747558116913,-0.20586688816547394,0.21418775618076324,0.19424203038215637,-0.3026973605155945,0.11173321306705475,0.1593220978975296,-0.1403011977672577,-0.07832504063844681,-0.13956724107265472,0.025680478662252426,0.01915144734084606,1129.74169921875,0.0006993587594479322,fit,,9.3
Central,13596,7.450061821145937e-05,0.20323914289474487,1.0,-1.3045077323913574,0.14031259715557098,-0.10124217718839645,0.14690521359443665,0.24281515181064606,-0.039917007088661194,-0.8156469464302063,-0.1836145669221878,-0.01346046756953001,-0.33586838841438293,-3.517819404602051,-0.4271922707557678,0.9720838665962219,-0.6789363026618958,0.5396026968955994,-2.8035731315612793,1.0793553590774536,-1.2242780923843384,-0.17342688143253326,0.03755360469222069,-0.14170217514038086,-0.06817665696144104,0.0005155816907063127,1.1923828125,30705.9609375,0.20687434077262878,fit,,44.2
University Southwest,5469,0.00018377437663730234,0.20047271251678467,1.0,-1.4494757652282715,-0.15042971074581146,-0.11580483615398407,0.37245407700538635,0.2107543647289276,0.3032330572605133,-0.916676938533783,0.01414612028747797,-0.2596077024936676,-0.762428879737854,-1.1428766250610352,-1.6500729322433472,0.4396432638168335,1.4528586864471436,0.03368375077843666,-0.22166457772254944,0.688204824924469,-0.8181108832359314,0.09540677070617676,0.1070047989487648,0.24642634391784668,0.10920152813196182,0.001290536834858358,1.2002516984939575,8435.19921875,0.20852169394493103,fit,,16.8
Upper Northwest,5127,0.00019148463616147637,0.20264920592308044,1.0,-0.07117635011672974,-0.07700774818658829,-0.16081373393535614,-1.607515811920166,0.135367751121521,-0.11597944051027298,0.2287757247686386,0.14204615354537964,-0.25989240407943726,-1.100535273551941,-0.07969257980585098,0.6262492537498474,-2.0861446857452393,0.597730815410614,0.0892692506313324,-0.012607721611857414,2.184955596923828,-0.6785134077072144,-0.11002618819475174,0.16568897664546967,-0.1226559728384018,-0.1291971653699875,0.0015028518391773105,1.1991511583328247,9129.8984375,0.2015928328037262,fit,,15.8
Upper North,9600,0.00010295039101038128,0.19984011352062225,1.0,0.1035873144865036,0.07975709438323975,0.16181667149066925,-0.06118058040738106,-0.17953680455684662,0.6420588493347168,-1.3442500829696655,-0.04822096973657608,-0.37341663241386414,0.02031567506492138,-3.0313222408294678,0.20433638989925385,1.3620307445526123,-1.1902265548706055,-0.04872883856296539,-0.15816912055015564,-2.934810161590576,2.687659740447998,0.2848506271839142,-0.03806402161717415,0.1218988448381424,0.018337519839406013,0.0007612124900333583,1.2057228088378906,20394.103515625,0.20693403482437134,fit,,25.9
South,13742,7.092833402566612e-05,0.19731447100639343,1.0,-0.8631688356399536,0.047196485102176666,-0.1595766395330429,-0.037627510726451874,-0.20741039514541626,0.029178805649280548,1.2404963970184326,0.1484115570783615,-0.10004857182502747,0.23113521933555603,-1.278550386428833,-0.219492569565773,-0.2295798361301422,-0.5284172296524048,1.0727791786193848,0.08764174580574036,0.4781436324119568,-0.9249522089958191,-0.08190099895000458,0.1183355301618576,0.069298155605793,0.053869832307100296,0.0005160672008059919,1.2075756788253784,32960.375,0.2115587741136551,fit,,44.4
North,15737,6.349192699417472e-05,0.19617746770381927,1.0,-0.7827569842338562,0.09400276094675064,0.10271433740854263,0.014791185967624187,-0.08920074999332428,-0.08931805938482285,-1.399547815322876,-0.34593650698661804,-0.07159297168254852,-0.38892802596092224,-1.3186652660369873,-0.8924785256385803,0.9662727117538452,-0.5385305881500244,-0.06899262964725494,0.06785349547863007,2.152254819869995,-2.575052261352539,-0.1414501965045929,0.08119387924671173,-0.09395948797464371,-0.19742053747177124,0.0004781970346812159,1.2036449909210205,35319.80859375,0.20856019854545593,fit,,54.7
Lower South,211,0.40126341581344604,0.5409722328186035,1.0,-0.784593403339386,-0.32889559864997864,-0.8898001909255981,-0.39126554131507874,0.9620327949523926,0.09462755918502808,0.5118940472602844,0.6125244498252869,-0.006593760568648577,-0.4669022262096405,-0.0781305581331253,0.3406227231025696,-1.1181697845458984,-0.02072661556303501,-0.07754413783550262,0.1435728818178177,-0.1510838121175766,0.5520110130310059,0.010507898405194283,-0.08185623586177826,-0.6081231832504272,-0.16220329701900482,4.40191125869751,1.4251545667648315,-19.107696533203125,4.5091779611539096e-05,fit,,8.9
Lower Northeast,4932,0.00019825958588626236,0.2024710476398468,1.0,-0.7561713457107544,0.08477253466844559,0.02231600321829319,-0.0013946243561804295,0.01663944125175476,0.08064396679401398,0.27378448843955994,0.4043681025505066,-0.04728018492460251,0.18642035126686096,-0.08933962881565094,-0.544036865234375,-2.7126100063323975,-0.28529128432273865,0.13285256922245026,-0.17029164731502533,-0.02268155664205551,1.1968538761138916,0.2158382683992386,0.15771692991256714,-0.10378911346197128,0.15339148044586182,0.0014181406004354358,1.1991591453552246,5858.3955078125,0.20597290992736816,fit,,14.7
Central Northeast,1610,0.4288853704929352,0.5590672492980957,1.0,-0.9751389026641846,0.028357025235891342,-0.45965951681137085,0.21961656212806702,0.4658083915710449,-0.059743866324424744,0.03558142110705376,-0.10135096311569214,-0.028870027512311935,-0.22476568818092346,-0.2868345081806183,-0.8595543503761292,0.5921757817268372,-1.466382622718811,0.6118716597557068,-0.04662042111158371,0.34397590160369873,-0.4560796916484833,0.10138694196939468,0.3532964587211609,0.022005856037139893,-0.05239574983716011,8.820718765258789,1.9906551837921143,18378.279296875,7.125432670464375e-20,fit,,12.7
West,8906,0.00010978837963193655,0.200502410531044,1.0,-1.2680461406707764,0.008155075833201408,-0.3596646189689636,-0.2883734405040741,-0.11673133820295334,-0.3591780960559845,0.9886764883995056,0.4970843195915222,-0.641028642654419,0.10120365023612976,0.6963297128677368,0.15658840537071228,-2.486442804336548,-1.003632664680481,0.024696212261915207,-0.04623086377978325,0.16232046484947205,-0.2493668645620346,-0.013741444796323776,0.10307057946920395,0.020768051967024803,0.07324469089508057,0.0008283492643386126,1.210250735282898,16284.4541015625,0.20783431828022003,fit,,23.0
Upper Far Northeast,660,0.4435161054134369,0.5627543926239014,1.0,-0.5372831225395203,0.7651097774505615,-0.3079744875431061,-0.0937790647149086,-0.0945238247513771,-0.01627260632812977,0.11234704405069351,-0.1480235755443573,-0.07995679974555969,-0.014018050394952297,-0.15992243587970734,-0.25410738587379456,-0.09840373694896698,0.3545385003089905,0.47927019000053406,0.43046924471855164,0.4284040629863739,0.07110754400491714,-0.003387794131413102,-0.5151755213737488,-0.07882100343704224,0.5443211793899536,6.811453342437744,1.7893702983856201,506.8162536621094,3.8003050576662645e-05,fit,,8.9
Lower Southwest,3320,0.7038592100143433,0.9945423007011414,1.0,-0.168829545378685,0.06915351748466492,-0.26805299520492554,0.05948268622159958,-0.12891997396945953,0.09321853518486023,0.11327871680259705,0.45419490337371826,0.08327403664588928,0.4651184678077698,-0.4423619508743286,-0.0681072548031807,-1.1851906776428223,-0.005943275522440672,0.03506014868617058,-0.32239899039268494,-0.1910424828529358,0.5021535158157349,-0.0003124416689388454,0.3380805552005768,0.10288931429386139,0.08149132877588272,20.25129508972168,6.728079795837402,11723.595703125,8.015005732886493e-05,fit,,13.1
West Park,2492,0.00040058011654764414,0.20202791690826416,1.0,-0.8511437773704529,-0.11468017846345901,0.10650195181369781,-1.14006769657135,-0.09371272474527359,-0.4869946837425232,-0.28751417994499207,0.34957513213157654,-0.2297859787940979,0.5791699886322021,-0.08053480833768845,-2.0834414958953857,1.2865856885910034,-3.5993402004241943,-0.07306952029466629,0.18456719815731049,-0.2725381851196289,-2.011298656463623,0.0643712505698204,0.043624743819236755,0.36147046089172363,-0.08546354621648788,0.0028211206663399935,1.200162410736084,3275.19091796875,0.20843374729156494,fit,,11.7
Lower North,14223,7.120278314687312e-05,0.20259563624858856,1.0,-0.9261355996131897,0.09925010055303574,-0.3781830370426178,0.01939610205590725,-0.05422041937708855,-0.11958877742290497,-0.35966408252716064,-0.07166019082069397,-0.17758838832378387,0.5441311001777649,-0.5905625820159912,0.4116174280643463,-2.9094603061676025,-0.05131721869111061,0.02281598560512066,0.0012570632388815284,2.0762033462524414,-0.47390592098236084,-0.2262457311153412,0.3466489017009735,-0.040984973311424255,0.03544541448354721,0.0005129897617734969,1.1968836784362793,29473.177734375,0.2058030515909195,fit,,42.4
Lower Northwest,1476,0.6158867478370667,0.8868562579154968,1.0,-0.290738046169281,0.08203329890966415,0.022806182503700256,-0.38140150904655457,0.5242646932601929,0.024031324312090874,-0.1105746179819107,0.12560921907424927,-0.03511568903923035,-0.46543094515800476,-0.022613095119595528,0.25057435035705566,-1.074776291847229,0.3256586194038391,-0.5238279700279236,-0.26896634697914124,0.08881928026676178,0.2820892930030823,0.06637129187583923,-0.15494412183761597,-0.09418967366218567,-0.13504430651664734,11.447790145874023,3.362687587738037,3484.597412109375,7.021627970971167e-05,fit,,10.3
